{
  "aws-samples/test-repo": [
    1.0,
    1.0,
    1.0,
    0.0,
    1.0,
    1.0,
    1.0,
    1.0,
    1.0,
    1.0,
    1.0,
    1.0,
    1.0,
    1.0,
    1.0,
    1.0,
    1.0,
    1.0,
    1.0,
    1.0,
    1.0,
    1.0,
    1.0,
    0.0,
    1.0,
    1.0,
    1.0,
    1.0,
    1.0,
    1.0,
    1.0,
    1.0,
    1.0,
    1.0,
    1.0,
    1.0,
    1.0,
    1.0,
    1.0,
    1.0,
    1.0,
    1.0,
    1.0,
    0.0,
    1.0,
    1.0,
    1.0,
    1.0,
    1.0,
    1.0,
    1.0,
    1.0,
    1.0,
    1.0,
    1.0,
    1.0,
    1.0,
    1.0,
    1.0,
    1.0,
    1.0,
    1.0,
    1.0,
    0.0,
    1.0,
    1.0,
    1.0,
    1.0,
    1.0,
    1.0,
    1.0,
    1.0,
    1.0,
    1.0,
    1.0,
    1.0,
    1.0,
    1.0,
    1.0,
    1.0,
    1.0,
    1.0,
    1.0,
    0.0,
    1.0,
    1.0,
    1.0,
    1.0,
    1.0,
    1.0,
    1.0,
    1.0,
    1.0,
    1.0,
    1.0,
    1.0,
    1.0,
    1.0,
    1.0,
    1.0,
    1.0,
    1.0,
    1.0,
    0.0,
    1.0,
    1.0,
    1.0,
    1.0,
    1.0,
    1.0,
    1.0,
    1.0,
    1.0,
    1.0,
    1.0,
    1.0,
    1.0,
    1.0,
    1.0,
    1.0
  ],
  "aws-samples/repo2": [
    1.0,
    1.0,
    1.0,
    1.0,
    1.0,
    1.0
  ],
  "aws-samples/eks-workshop-v2": [
    4.83167852599945,
    3.6392106210005295
  ],
  "aws-samples/terraform-eks-code": [
    3.553676518999964,
    3.55691572699925
  ],
  "aws-samples/karpenter-blueprints": [
    3.5543227580001258
  ],
  "aws-samples/terraform-aws-organization-policies": [
    1.2267900479992022,
    1.3112987429994973
  ],
  "aws-samples/aws-network-hub-for-terraform": [
    1.298985759000061,
    1.3569542159993944
  ],
  "aws-samples/aws-waf-firewall-manager-terraform": [
    2.4085761309997906,
    2.573429636999208
  ],
  "aws-samples/amazon-eks-jenkins-terraform": [
    3.4664435960003175,
    3.5901727029995527
  ],
  "aws-samples/sagemaker-custom-project-templates": [
    3.6305431640003007,
    3.522284170999228
  ],
  "aws-samples/serverless-patterns": [
    4.9892562369996085
  ],
  "aws-samples/amazon-ecs-fullstack-app-terraform": [
    3.582430318999286
  ],
  "aws-samples/aws-waf-automation-terraform-samples": [
    2.649740455999563
  ],
  "aws-samples/aws-control-tower-controls-terraform": [
    8.667872080000052
  ],
  "aws-samples/aws-security-services-with-terraform": [
    0.0
  ],
  "aws-samples/deepseek-using-vllm-on-eks": [
    5.1552828220001174
  ],
  "aws-samples/terraform-aws-identity-center": [
    1.3265619989997504
  ],
  "aws-samples/semantic-search-aws-docs": [
    3.565008255000066
  ],
  "aws-samples/psp-reusable-artifacts": [
    3.7475556589997723
  ],
  "aws-samples/localstack-terraform-test": [
    2.6767546709997987
  ],
  "aws-samples/sample-genai-on-eks-starter-kit": [
    3.6278401879999365
  ],
  "aws-samples/aws-iam-root-user-activity-monitor": [
    1.384860615999969
  ],
  "aws-samples/aws-stepfunctions-ecs-fargate-process": [
    3.533098279999649
  ],
  "aws-samples/organizations-policy-pipeline": [
    9.675579378000293
  ],
  "aws-samples/terraform-aws-multi-account-pipeline": [
    1.4699088289999054
  ],
  "aws-samples/sample-ai-agent-accelerator": [
    3.5419902869998623
  ],
  "aws-samples/safeguarding-payments-fraud-detection-ai-ml-and-data-insights": [
    3.716008322999187
  ],
  "aws-samples/terraform-ec2-image-builder-container-hardening-pipeline": [
    1.4448724809999476
  ],
  "aws-samples/cloudwatch-synthetics-canary-terraform": [
    0.0
  ],
  "aws-samples/genai-bedrock-fsxontap": [
    3.537669901999834
  ],
  "aws-samples/manage-terraform-statefiles-in-aws-pipeline": [
    9.684973702000207
  ],
  "aws-samples/aws-cicd-patch-management-terraform": [
    3.527365302999897
  ],
  "aws-samples/terraform-aws-pipeline": [
    1.4517805109999244
  ],
  "aws-samples/ai-chat-accelerator": [
    3.5603323100003763
  ],
  "aws-samples/euc-amazon-appstream2-terraform-automation": [
    0.0
  ],
  "aws-samples/use-github-and-terraform-to-deploy-web-applications": [
    3.5114881859999514
  ],
  "aws-samples/automated-role-entitlements-in-aws-iam-identity-center": [
    1.4058829600007812
  ],
  "aws-samples/karpenter-terraform": [
    3.6214435159999994
  ],
  "aws-samples/amazon-eks-self-managed-node-group": [
    0.8461558159997367
  ],
  "aws-samples/data-lineage-for-data-lake-example": [
    1.4977396399999634
  ],
  "aws-samples/sample-scribe-ai": [
    3.5604978690007556
  ],
  "aws-samples/amazon-eks-bottlerocket-mngnodegrp-terraform": [
    24.124570957000287
  ],
  "aws-samples/aws-network-firewall-strict-rule-ordering-terraform": [
    2.6927030310007467
  ],
  "aws-samples/kinesis-auto-scaling": [
    3.497854412000379
  ],
  "aws-samples/terraform-cni-custom-network-sample": [
    3.8332711120001477
  ],
  "aws-samples/aws-database-acceleration-toolkit": [
    3.5298253339997245
  ],
  "aws-samples/sagemaker-domain-vpconly-canvas-with-terraform": [
    2.7613712720003605
  ],
  "aws-samples/Implementing-custom-domain-names-for-Amazon-API-Gateway-private-endpoints": [
    3.516376897000555
  ],
  "aws-samples/traffic-segmentation-multi-aws-region-transit-gateway-cloud-wan": [
    2.3339730520001467
  ],
  "aws-samples/aws-msk-cross-account-connectivity-sample": [
    1.411529743999381
  ],
  "aws-samples/sample-eks-hybrid-nodes-raspberry-pi": [
    3.623496100999546
  ],
  "aws-samples/amazon-ecr-dynamic-repository-creation": [
    22.414073951999853
  ],
  "aws-samples/terraform-aws-identity-center-users-and-groups": [
    8.360967380000147
  ],
  "aws-samples/intelligent-rag-bedrockagent-iac": [
    5.9639994969993495
  ],
  "aws-samples/sagemaker-batch-inference-pipeline": [
    1.5294949159997486
  ],
  "aws-samples/terraform-aws-codecommit-s3-backups": [
    1.3517053189998478
  ],
  "aws-samples/deploy-self-hosted-github-runner-eks-using-terraform": [
    0.0
  ],
  "aws-samples/amazon-redshift-sql-deploy-terraform": [
    4.021624390000397
  ],
  "aws-samples/rds-proxy-iac-terraform": [
    1.281670252999902
  ],
  "aws-samples/centralized-backup-with-aws-backup-and-terraform": [
    4.6177472930003205
  ],
  "aws-samples/sample-ssm-multi-user-session-manager-terraform": [
    1.371220605000417
  ],
  "aws-samples/sample-amazon-eks-q-business-integration": [
    7.044251784000153
  ],
  "aws-samples/infra-ops-orchestrator": [
    5.651172313000643
  ],
  "aws-samples/sample-awsconfig-bedrock-compliance-manager": [
    5.807489327999974
  ],
  "aws-samples/aws-security-reference-architecture-examples": [
    3.559788141000354
  ],
  "aws-samples/amazon-elasticache-samples": [
    3.608207761999438
  ],
  "aws-samples/sample-serverless-mcp-servers": [
    3.529826961001163
  ],
  "aws-samples/multi-region-resiliency-reference-implementation": [
    3.7780643320002127
  ],
  "aws-samples/sample-agentic-platform": [
    3.5137608050008566
  ],
  "aws-samples/aws-sam-terraform-examples": [
    3.7653771360000974
  ],
  "aws-samples/financial-crimes-discovery-using-graph-database": [
    3.514843695000309
  ],
  "aws-samples/aws-tf-nw-shared-svc": [
    3.603018575999158
  ],
  "aws-samples/step-functions-workflows-collection": [
    3.678390830000353
  ],
  "aws-samples/qnx-on-aws-workshop": [
    3.553420283000378
  ],
  "aws-samples/aws-data-pipelines-for-azure-storage": [
    3.520911198000249
  ],
  "aws-samples/amazon-connect-gitlab-cicd-terraform": [
    3.5296232189994043
  ],
  "aws-samples/fleet-management-on-amazon-eks-workshop": [
    3.5378338740010804
  ],
  "aws-samples/sample-private-link-dr-with-r53": [
    3.6380634750003082
  ],
  "aws-samples/hub-and-spoke-with-shared-services-vpc-terraform": [
    3.5866749609995168
  ],
  "aws-samples/aft-custom-sso-assignment": [
    3.6204963449999923
  ],
  "aws-samples/linkerd-on-eks": [
    3.864526786001079
  ],
  "aws-samples/amazon-codeguru-detectors": [
    3.56476865500008
  ],
  "aws-samples/sample-a2a-gateway": [
    3.5589610589995573
  ],
  "aws-samples/amazon-vpc-lattice-blueprints": [
    3.6013021079997998
  ],